,ast,blk,fg3_pct,fg_pct,ft_pct,g,losses,orb,pf,pts,school_name,stl,tov,trb,win_loss_pct,wins
0,408,83,.376,.464,.663,29,16,222,631,2009,Abilene Christian,210,412,904,.448,13
1,494,57,.363,.436,.717,33,21,304,594,2411,Air Force,197,390,1149,.364,12
2,517,118,.372,.466,.683,36,9,357,653,2772,Akron,198,422,1246,.750,27
3,326,50,.280,.405,.669,29,27,299,526,1794,Alabama A&M,100,384,914,.069,2
4,503,160,.348,.462,.736,33,16,321,527,2369,Alabama-Birmingham,157,444,1188,.515,17
5,300,98,.297,.392,.637,31,23,427,629,2042,Alabama State,150,488,1188,.258,8
6,390,141,.317,.424,.653,34,15,418,664,2330,Alabama,200,474,1327,.559,19
7,444,60,.372,.467,.757,35,14,379,617,2496,Albany (NY),178,416,1257,.600,21
8,425,115,.332,.429,.652,32,14,387,610,2221,Alcorn State,209,452,1243,.563,18
9,339,73,.318,.449,.618,30,22,204,548,1845,American,209,396,868,.267,8
10,414,91,.338,.421,.681,30,21,339,641,2208,Appalachian State,167,414,1126,.300,9
11,430,106,.366,.434,.749,33,18,304,556,2593,Arizona State,194,344,1075,.455,15
12,501,119,.390,.477,.765,37,5,380,625,2833,Arizona NCAA,201,413,1358,.865,32
13,379,120,.346,.443,.741,32,17,305,591,2188,Little Rock,183,412,1058,.469,15
14,334,93,.335,.403,.652,32,25,335,718,1977,Arkansas-Pine Bluff,279,578,1013,.219,7
15,397,83,.380,.461,.638,32,12,352,652,2346,Arkansas State,172,414,1169,.625,20
16,497,170,.365,.461,.761,36,10,401,739,2855,Arkansas NCAA,278,428,1298,.722,26
17,520,61,.353,.442,.655,32,19,317,620,2324,Army,178,483,1213,.406,13
18,416,162,.366,.437,.672,32,14,369,668,2573,Auburn,234,434,1171,.563,18
19,324,73,.355,.469,.708,30,19,245,547,2331,Austin Peay,171,373,913,.367,11
20,529,118,.379,.461,.718,34,13,335,658,2677,Ball State,203,496,1281,.618,21
21,544,166,.359,.471,.723,35,8,451,617,2550,Baylor NCAA,180,469,1329,.771,27
22,481,80,.342,.469,.768,30,7,254,531,2302,Belmont,131,380,1057,.767,23
23,448,96,.320,.415,.662,32,22,397,644,2275,Bethune-Cookman,245,413,1135,.313,10
24,410,78,.362,.437,.705,32,20,251,545,2175,Binghamton,167,397,1055,.375,12
25,387,77,.348,.450,.712,32,12,309,662,2404,Boise State,158,409,1139,.625,20
26,473,87,.374,.448,.680,32,23,292,597,2320,Boston College,179,467,1119,.281,9
27,449,81,.354,.443,.696,32,14,311,610,2339,Boston University,265,444,1141,.563,18
28,390,87,.342,.425,.667,32,19,353,623,2355,Bowling Green State,221,408,1153,.406,13
29,372,118,.356,.425,.673,33,20,297,672,2163,Bradley,203,499,1156,.394,13
30,534,156,.344,.456,.733,34,12,363,657,2741,Brigham Young,224,469,1418,.647,22
31,399,56,.367,.443,.759,30,17,275,597,2275,Brown,228,430,933,.433,13
32,460,69,.338,.438,.720,32,20,345,680,2373,Bryant,218,428,1148,.375,12
33,510,134,.379,.480,.681,35,9,302,655,2669,Bucknell NCAA,252,466,1203,.743,26
34,459,127,.330,.451,.692,32,15,385,735,2486,Buffalo,181,453,1295,.531,17
35,453,96,.366,.477,.741,34,9,287,640,2595,Butler NCAA,206,346,1091,.735,25
36,322,113,.340,.403,.697,31,20,300,574,2082,Cal Poly,162,333,1003,.355,11
37,507,137,.351,.440,.640,35,10,433,794,2502,Cal State Bakersfield,286,519,1349,.714,25
38,387,117,.311,.444,.687,32,15,341,666,2351,Cal State Fullerton,223,465,1196,.531,17
39,411,90,.349,.461,.729,30,19,295,638,2341,Cal State Northridge,207,399,1052,.367,11
40,461,118,.348,.435,.674,36,13,364,688,2525,UC-Davis NCAA,202,513,1280,.639,23
41,460,154,.361,.444,.686,36,15,402,748,2514,UC-Irvine,176,481,1429,.583,21
42,338,88,.313,.412,.695,29,21,264,572,1895,UC-Riverside,198,387,1011,.276,8
43,338,59,.290,.377,.634,28,22,356,502,1701,UC-Santa Barbara,148,341,1028,.214,6
44,409,155,.340,.422,.661,34,13,394,656,2316,University of California,165,428,1323,.618,21
45,432,151,.368,.456,.751,37,18,292,662,2653,Campbell,244,476,1219,.514,19
46,601,64,.371,.456,.736,34,16,364,659,2665,Canisius,230,446,1120,.529,18
47,465,84,.375,.438,.718,32,24,337,606,2395,Central Arkansas,178,446,1151,.250,8
48,341,68,.349,.421,.620,29,23,332,539,1827,Central Connecticut State,166,413,966,.207,6
49,400,145,.352,.435,.661,36,12,389,548,2414,Central Florida,144,525,1471,.667,24
50,362,93,.358,.424,.791,32,16,364,612,2826,Central Michigan,181,362,1244,.500,16
51,341,89,.341,.441,.666,31,19,336,620,2304,Charleston Southern,176,358,1092,.387,12
52,361,94,.376,.444,.746,30,17,224,578,2295,Charlotte,190,366,979,.433,13
53,377,145,.346,.466,.710,31,12,322,570,2314,Chattanooga,241,413,1005,.613,19
54,360,68,.311,.384,.701,32,26,344,616,2089,Chicago State,215,440,1123,.188,6
55,557,173,.346,.458,.686,36,6,437,566,2674,Cincinnati NCAA,261,361,1328,.833,30
56,561,85,.341,.416,.757,33,21,448,737,2964,Citadel,306,473,1232,.364,12
57,414,130,.357,.449,.731,33,16,365,501,2468,Clemson,235,354,1124,.515,17
58,327,94,.309,.405,.691,31,22,339,636,2083,Cleveland State,221,405,1024,.290,9
59,467,109,.330,.423,.658,39,19,480,709,2833,Coastal Carolina,237,508,1571,.513,20
60,414,82,.370,.440,.677,32,22,263,603,2145,Colgate,164,470,1037,.313,10
61,355,117,.328,.432,.736,35,10,302,604,2416,College of Charleston,194,364,1194,.714,25
62,397,123,.339,.425,.731,36,12,409,618,2611,Colorado State,218,392,1374,.667,24
63,474,146,.348,.446,.704,34,15,403,632,2568,Colorado,172,410,1276,.559,19
64,418,79,.361,.437,.708,27,16,273,506,1940,Columbia,190,347,941,.407,11
65,432,177,.355,.430,.712,33,17,336,575,2220,Connecticut,146,402,1209,.485,16
66,335,72,.318,.382,.650,32,24,367,664,2119,Coppin State,182,440,1115,.250,8
67,417,78,.339,.453,.698,29,21,219,529,2074,Cornell,150,419,976,.276,8
68,598,102,.397,.504,.682,35,10,289,582,2864,Creighton NCAA,213,435,1223,.714,25
69,301,48,.352,.431,.709,27,20,249,493,1812,Dartmouth,124,401,917,.259,7
70,499,106,.341,.437,.753,32,15,285,583,2362,Davidson,163,390,1149,.531,17
71,500,128,.385,.465,.690,32,8,277,601,2428,Dayton NCAA,249,376,1097,.750,24
72,429,89,.362,.419,.659,32,22,348,608,2186,Delaware State,177,436,1057,.313,10
73,385,102,.305,.422,.686,33,20,322,625,2157,Delaware,176,396,1159,.394,13
74,452,64,.402,.482,.734,30,14,273,603,2275,Denver,150,404,1058,.533,16
75,366,92,.326,.430,.735,32,23,339,635,2206,DePaul,213,451,1057,.281,9
76,398,78,.372,.445,.664,31,23,320,741,2387,Detroit Mercy,203,451,1036,.258,8
77,404,75,.345,.409,.756,31,24,311,563,2208,Drake,188,389,1070,.226,7
78,470,98,.345,.435,.666,32,23,379,644,2397,Drexel,187,425,1177,.281,9
79,484,172,.378,.475,.762,37,9,390,675,2991,Duke NCAA,226,421,1341,.757,28
80,401,127,.334,.428,.676,32,22,343,593,2256,Duquesne,157,454,1167,.313,10
81,394,171,.320,.398,.657,33,18,370,550,2088,East Carolina,168,459,1252,.455,15
82,516,162,.382,.488,.702,35,8,357,698,2782,East Tennessee State NCAA,293,519,1269,.771,27
83,444,119,.372,.417,.731,29,15,348,559,2169,Eastern Illinois,198,370,1081,.483,14
84,422,113,.321,.428,.705,31,19,286,619,2197,Eastern Kentucky,185,432,1018,.387,12
85,443,144,.343,.449,.725,33,17,420,704,2566,Eastern Michigan,317,399,1201,.485,16
86,421,162,.379,.479,.770,34,12,309,679,2695,Eastern Washington,158,415,1196,.647,22
87,466,73,.355,.445,.685,32,14,291,532,2403,Elon,165,374,1209,.563,18
88,442,99,.366,.454,.713,33,17,298,659,2288,Evansville,172,389,1136,.485,16
89,464,92,.335,.442,.682,31,15,275,567,2251,Fairfield,166,416,1115,.516,16
90,366,78,.332,.440,.765,30,19,291,637,2183,Fairleigh Dickinson,189,398,993,.367,11
91,379,99,.348,.423,.659,30,23,304,568,2153,Florida A&M,197,407,1047,.233,7
92,369,93,.319,.411,.703,30,20,316,570,2108,Florida Atlantic,171,348,1066,.333,10
93,527,116,.347,.499,.702,34,8,379,635,2701,Florida Gulf Coast NCAA,207,421,1269,.765,26
94,346,67,.332,.454,.750,31,24,315,570,2178,Florida International,185,413,1051,.226,7
95,511,180,.347,.483,.689,35,9,409,684,2873,Florida State NCAA,259,415,1324,.743,26
96,450,167,.358,.450,.729,36,9,416,661,2804,Florida NCAA,272,431,1331,.750,27
97,429,91,.334,.416,.726,32,19,261,611,2090,Fordham,314,418,913,.406,13
98,414,127,.352,.455,.672,33,13,314,718,2426,Fresno State,277,444,1175,.606,20
99,524,82,.385,.473,.697,35,12,317,613,2590,Furman,245,451,1211,.657,23
100,486,118,.379,.479,.624,33,14,372,670,2546,Gardner-Webb,291,474,1259,.576,19
101,398,96,.336,.448,.747,34,14,381,570,2519,George Mason,169,440,1370,.588,20
102,466,136,.371,.424,.745,35,15,394,541,2447,George Washington,192,453,1279,.571,20
103,480,147,.349,.461,.733,32,18,305,672,2369,Georgetown,175,454,1142,.438,14
104,342,102,.362,.441,.664,33,15,320,641,2492,Georgia Southern,224,388,1147,.545,18
105,399,140,.357,.469,.647,33,13,334,673,2442,Georgia State,236,463,1174,.606,20
106,570,221,.331,.438,.682,37,16,356,592,2496,Georgia Tech,245,494,1330,.568,21
107,429,126,.325,.439,.757,34,15,330,632,2435,Georgia,182,444,1259,.559,19
108,595,183,.382,.504,.717,39,2,378,660,3222,Gonzaga NCAA,265,448,1587,.949,37
109,368,76,.317,.433,.663,33,17,398,658,2361,Grambling,292,450,1108,.485,16
110,423,79,.331,.436,.665,31,9,335,539,2282,Grand Canyon,233,397,1166,.710,22
111,446,133,.322,.443,.689,32,14,387,632,2565,Green Bay,247,448,1312,.563,18
112,364,113,.316,.407,.712,31,17,371,633,2149,Hampton,152,435,1143,.452,14
113,367,118,.338,.402,.699,32,23,292,603,2136,Hartford,228,462,1046,.281,9
114,403,133,.355,.447,.743,28,10,275,531,2012,Harvard,176,359,1005,.643,18
115,418,57,.325,.423,.715,30,16,287,570,2042,Hawaii,150,414,966,.467,14
116,389,96,.377,.432,.744,31,16,307,539,2133,High Point,184,407,1088,.484,15
117,419,82,.367,.443,.684,32,17,371,544,2473,Hofstra,142,341,1164,.469,15
118,426,76,.345,.427,.693,32,17,189,515,1932,Holy Cross,302,351,811,.469,15
119,457,81,.340,.453,.699,31,14,425,597,2441,Houston Baptist,195,410,1199,.548,17
120,406,113,.394,.447,.717,32,11,362,601,2358,Houston,170,315,1138,.656,21
121,307,126,.291,.390,.657,34,24,420,636,2163,Howard,179,500,1257,.294,10
122,316,73,.359,.434,.684,31,26,225,578,2164,Idaho State,224,400,921,.161,5
123,422,81,.367,.433,.723,33,14,362,697,2412,Idaho,164,421,1213,.576,19
124,524,183,.365,.444,.711,36,19,422,678,2749,Illinois-Chicago,197,589,1429,.472,17
125,483,170,.369,.439,.664,35,7,369,620,2418,Illinois State,250,427,1293,.800,28
126,472,83,.369,.445,.687,35,15,342,641,2508,Illinois,197,433,1217,.571,20
127,362,136,.388,.455,.694,29,17,229,583,2212,Incarnate Word,168,391,950,.414,12
128,417,126,.349,.416,.681,31,20,264,660,2170,Indiana State,204,396,1111,.355,11
129,488,157,.380,.479,.729,34,16,413,682,2711,Indiana,209,517,1328,.529,18
130,541,108,.397,.454,.768,35,13,338,669,2813,Iona NCAA,239,421,1250,.629,22
131,553,124,.400,.472,.700,35,11,318,557,2829,Iowa State NCAA,272,355,1219,.686,24
132,602,130,.379,.455,.688,34,15,408,608,2738,Iowa,252,472,1306,.559,19
133,576,129,.402,.496,.725,33,13,334,592,2869,Fort Wayne,255,450,1245,.606,20
134,455,87,.388,.451,.683,32,18,348,655,2500,IUPUI,217,401,1104,.438,14
135,350,83,.297,.385,.674,32,18,425,648,2066,Jackson State,197,390,1162,.438,14
136,493,134,.377,.459,.714,35,15,355,628,2434,Jacksonville State NCAA,157,477,1244,.571,20
137,445,63,.403,.466,.736,33,16,302,620,2557,Jacksonville,265,424,1081,.515,17
138,385,89,.331,.444,.717,33,23,310,665,2194,James Madison,194,467,1133,.303,10
139,521,130,.362,.461,.694,35,14,330,630,2523,Kansas State NCAA,271,453,1132,.600,21
140,584,162,.404,.488,.678,36,5,428,639,2995,Kansas NCAA,250,456,1393,.861,31
141,507,95,.416,.462,.691,32,18,358,613,2401,Kennesaw State,163,431,1146,.438,14
142,449,134,.320,.428,.719,36,14,539,685,2772,Kent State NCAA,230,465,1454,.611,22
143,585,200,.353,.473,.704,38,6,470,716,3225,Kentucky NCAA,229,443,1512,.842,32
144,425,64,.364,.457,.766,30,15,249,559,2266,La Salle,191,393,973,.500,15
145,378,85,.334,.430,.711,30,21,205,514,1995,Lafayette,148,436,956,.300,9
146,481,95,.362,.459,.669,34,15,389,733,2623,Lamar,271,455,1189,.559,19
147,467,99,.392,.479,.772,32,12,232,539,2432,Lehigh,215,450,1100,.625,20
148,453,65,.359,.436,.742,35,14,173,670,2331,Liberty,229,363,990,.600,21
149,599,104,.366,.475,.723,33,13,340,702,2804,Lipscomb,218,500,1213,.606,20
150,447,92,.351,.440,.724,34,19,396,682,2549,Long Beach State,199,488,1212,.441,15
151,350,107,.345,.435,.687,32,12,423,641,2278,Long Island University,186,460,1242,.625,20
152,324,124,.327,.445,.731,30,24,218,539,2018,Longwood,175,456,922,.200,6
153,475,91,.343,.467,.695,33,12,442,621,2704,Louisiana,233,440,1252,.636,21
154,443,73,.332,.425,.669,33,24,347,576,2198,Louisiana-Monroe,154,433,1174,.273,9
155,397,110,.336,.451,.696,31,21,355,593,2319,Louisiana State,186,451,1115,.323,10
156,543,176,.361,.467,.709,33,10,335,519,2557,Louisiana Tech,223,407,1244,.697,23
157,461,186,.355,.457,.686,34,9,457,652,2628,Louisville NCAA,227,374,1343,.735,25
158,474,76,.389,.486,.709,32,14,218,545,2348,Loyola (IL),218,377,1000,.563,18
159,444,120,.353,.444,.620,30,15,332,610,2113,Loyola Marymount,228,395,1022,.500,15
160,385,113,.329,.420,.692,33,17,381,636,2175,Loyola (MD),240,496,1113,.485,16
161,377,63,.319,.403,.654,32,25,325,562,2069,Maine,165,419,1122,.219,7
162,350,103,.329,.416,.729,32,22,355,790,2259,Manhattan,224,530,1118,.313,10
163,352,83,.333,.429,.725,32,24,235,628,2223,Marist,146,409,998,.250,8
164,525,115,.429,.487,.781,32,13,280,620,2631,Marquette NCAA,231,396,1058,.594,19
165,576,140,.370,.456,.734,35,15,325,643,2997,Marshall,211,433,1291,.571,20
166,507,80,.393,.469,.745,34,13,307,625,2759,Maryland-Baltimore County,224,411,1199,.618,21
167,449,89,.342,.424,.683,34,20,337,665,2424,Maryland-Eastern Shore,193,425,1142,.412,14
168,472,154,.359,.449,.699,33,9,351,613,2438,Maryland NCAA,180,426,1173,.727,24
169,495,64,.390,.481,.735,31,20,280,622,2429,Massachusetts-Lowell,171,474,1038,.355,11
170,529,169,.297,.437,.660,33,18,333,722,2371,Massachusetts,250,489,1185,.455,15
171,302,91,.332,.421,.685,29,22,285,573,2043,McNeese State,159,403,977,.241,7
172,508,150,.295,.442,.683,32,13,373,534,2367,Memphis,221,368,1172,.594,19
173,433,74,.350,.444,.782,32,17,367,546,2269,Mercer,134,367,1174,.469,15
174,389,125,.356,.452,.718,33,12,363,513,2278,Miami (FL) NCAA,213,417,1176,.636,21
175,364,125,.308,.434,.691,32,21,298,642,2249,Miami (OH),238,467,1091,.344,11
176,591,162,.373,.470,.669,35,15,328,699,2515,Michigan State NCAA,151,490,1275,.571,20
177,527,108,.385,.483,.779,38,12,280,571,2851,Michigan NCAA,220,348,1111,.684,26
178,552,100,.367,.488,.699,36,5,355,655,2697,Middle Tennessee NCAA,242,374,1273,.861,31
179,467,53,.348,.441,.660,35,24,280,641,2347,Milwaukee,164,409,1107,.314,11
180,507,227,.343,.435,.711,34,10,378,577,2556,Minnesota NCAA,194,393,1341,.706,24
181,386,131,.347,.444,.687,32,16,310,638,2320,Mississippi State,239,433,1130,.500,16
182,374,60,.343,.421,.650,32,25,385,624,2235,Mississippi Valley State,218,460,1108,.219,7
183,465,149,.347,.423,.752,36,14,458,702,2807,Mississippi,243,516,1422,.611,22
184,451,92,.371,.439,.713,35,17,353,772,2691,Missouri-Kansas City,236,510,1213,.514,18
185,403,127,.363,.442,.701,33,16,377,585,2403,Missouri State,176,406,1212,.515,17
186,386,68,.304,.393,.683,32,24,357,647,2213,Missouri,200,384,1168,.250,8
187,431,155,.373,.437,.757,34,7,380,697,2761,Monmouth,235,425,1310,.794,27
188,423,74,.375,.435,.730,32,16,336,732,2561,Montana State,181,393,1167,.500,16
189,416,91,.357,.449,.752,32,16,310,699,2391,Montana,181,345,1084,.500,16
190,482,95,.386,.461,.726,30,16,396,633,2370,Morehead State,202,404,1129,.467,14
191,322,101,.294,.385,.711,30,16,424,602,2025,Morgan State,170,420,1168,.467,14
192,403,142,.358,.444,.673,36,16,276,640,2446,Mount St. Mary's NCAA,222,472,1082,.556,20
193,458,75,.360,.441,.735,33,17,399,659,2639,Murray State,198,403,1243,.485,16
194,433,66,.307,.422,.641,32,16,424,594,2076,Navy,227,464,1134,.500,16
195,442,107,.388,.454,.748,32,14,338,616,2685,Omaha,262,444,1149,.563,18
196,354,116,.320,.416,.710,31,19,411,577,2168,Nebraska,211,411,1187,.387,12
197,412,85,.320,.395,.696,32,21,365,539,2202,Nevada-Las Vegas,189,410,1210,.344,11
198,559,152,.382,.448,.705,35,7,386,581,2792,Nevada NCAA,189,386,1351,.800,28
199,398,59,.352,.438,.725,32,12,324,505,2277,New Hampshire,129,401,1227,.625,20
200,505,128,.337,.467,.712,34,6,436,627,2678,New Mexico State NCAA,166,465,1339,.824,28
201,419,109,.327,.460,.746,31,14,274,611,2283,New Mexico,189,403,1071,.548,17
202,500,97,.317,.473,.710,32,12,386,562,2331,New Orleans NCAA,252,534,1140,.625,20
203,416,152,.366,.416,.750,33,23,389,604,2448,Niagara,172,428,1260,.303,10
204,430,190,.345,.427,.739,31,17,303,599,2316,Nicholls State,234,451,1020,.452,14
205,395,89,.333,.423,.703,31,20,343,599,2253,NJIT,203,418,1134,.355,11
206,375,180,.339,.424,.681,34,17,365,705,2374,Norfolk State,173,502,1307,.500,17
207,512,64,.394,.476,.681,33,10,281,553,2544,North Carolina-Asheville,306,384,1096,.697,23
208,352,69,.328,.424,.681,32,29,351,629,2056,North Carolina A&T,144,466,1102,.094,3
209,480,112,.335,.454,.683,34,9,397,587,2542,North Carolina Central NCAA,209,406,1313,.735,25
210,525,133,.382,.464,.706,35,10,405,638,2628,North Carolina-Greensboro,245,474,1243,.714,25
211,457,140,.356,.468,.700,32,17,329,582,2483,North Carolina State,162,428,1161,.469,15
212,564,115,.366,.480,.691,35,6,422,699,2967,North Carolina-Wilmington NCAA,234,363,1261,.829,29
213,722,139,.355,.466,.701,40,7,630,711,3377,North Carolina NCAA,283,473,1748,.825,33
214,365,111,.368,.458,.711,30,11,258,501,2244,North Dakota State,183,348,1047,.633,19
215,487,93,.390,.483,.713,32,10,297,672,2578,North Dakota NCAA,251,419,1146,.688,22
216,447,143,.351,.457,.655,34,19,423,639,2637,North Florida,185,542,1321,.441,15
217,338,95,.320,.424,.646,30,22,300,567,2075,North Texas,199,410,1075,.267,8
218,414,112,.367,.456,.681,31,16,264,522,2234,Northeastern,170,390,1039,.484,15
219,440,63,.320,.406,.683,32,23,382,590,2217,Northern Arizona,142,465,1218,.281,9
220,392,64,.347,.439,.605,29,18,310,563,2075,Northern Colorado,147,407,1075,.379,11
221,347,80,.312,.438,.677,32,17,400,618,2310,Northern Illinois,226,429,1211,.469,15
222,298,84,.326,.399,.733,30,16,182,464,1854,Northern Iowa,197,342,878,.467,14
223,486,98,.349,.456,.680,35,11,391,622,2659,Northern Kentucky NCAA,200,468,1319,.686,24
224,405,77,.366,.442,.690,29,16,337,568,2204,Northwestern State,196,439,1049,.448,13
225,540,175,.343,.436,.747,36,12,386,691,2558,Northwestern NCAA,190,383,1304,.667,24
226,566,134,.384,.458,.800,36,10,334,533,2783,Notre Dame NCAA,255,341,1212,.722,26
227,576,170,.335,.455,.761,34,9,353,592,2699,Oakland,266,462,1324,.735,25
228,434,121,.356,.463,.682,32,15,324,562,2329,Ohio State,166,423,1191,.531,17
229,415,88,.384,.455,.690,31,11,284,550,2387,Ohio,182,388,1141,.645,20
230,486,99,.402,.467,.789,33,13,454,730,2828,Oklahoma State NCAA,252,432,1215,.606,20
231,328,147,.344,.423,.721,31,20,361,602,2262,Oklahoma,213,428,1173,.355,11
232,422,142,.324,.412,.643,31,12,412,566,1998,Old Dominion,196,348,1190,.613,19
233,423,88,.367,.445,.759,30,22,278,534,2252,Oral Roberts,162,360,1034,.267,8
234,380,118,.346,.428,.661,32,27,290,611,2021,Oregon State,177,491,1038,.156,5
235,614,248,.380,.481,.712,39,6,412,614,3076,Oregon NCAA,253,454,1431,.846,33
236,396,63,.330,.404,.675,33,22,385,690,2206,Pacific,140,386,1225,.333,11
237,449,184,.339,.415,.745,33,18,330,596,2367,Penn State,224,430,1166,.455,15
238,401,100,.339,.443,.657,28,15,267,501,1928,Pennsylvania,181,358,972,.464,13
239,420,84,.369,.446,.641,31,22,295,531,2140,Pepperdine,157,389,1033,.290,9
240,473,112,.361,.442,.733,33,17,314,548,2404,Pittsburgh,127,396,1158,.485,16
241,491,81,.341,.482,.658,31,16,322,590,2645,Portland State,307,376,1064,.484,15
242,325,112,.373,.423,.740,33,22,278,581,2215,Portland,163,424,1098,.333,11
243,404,121,.350,.428,.703,33,20,292,700,2276,Prairie View,273,436,1019,.394,13
244,364,72,.346,.412,.686,30,25,300,519,1836,Presbyterian,143,451,979,.167,5
245,426,93,.378,.450,.738,30,7,247,482,2149,Princeton NCAA,200,298,1003,.767,23
246,471,98,.371,.448,.691,33,13,294,569,2319,Providence NCAA,218,412,1101,.606,20
247,640,87,.403,.479,.757,35,8,344,552,2790,Purdue NCAA,181,455,1322,.771,27
248,447,111,.326,.422,.683,31,21,432,607,2377,Quinnipiac,178,448,1223,.323,10
249,393,114,.345,.413,.666,32,18,396,550,2090,Radford,153,470,1219,.438,14
250,467,206,.332,.454,.668,35,10,409,725,2577,Rhode Island NCAA,227,389,1301,.714,25
251,484,129,.388,.462,.740,35,12,353,669,2853,Rice,221,524,1331,.657,23
252,592,67,.342,.471,.713,35,13,236,634,2596,Richmond,232,399,1078,.629,22
253,466,119,.332,.446,.672,33,15,421,650,2498,Rider,219,481,1331,.545,18
254,348,80,.319,.400,.648,33,19,363,671,2125,Robert Morris,261,497,1139,.424,14
255,360,153,.303,.411,.623,33,18,480,584,2163,Rutgers,217,437,1319,.455,15
256,408,135,.316,.459,.651,31,18,306,568,2204,Sacramento State,145,360,1100,.419,13
257,459,86,.335,.442,.701,32,19,361,617,2326,Sacred Heart,217,516,1194,.406,13
258,472,136,.391,.467,.692,34,17,342,551,2577,Saint Francis (PA),225,491,1243,.500,17
259,352,106,.324,.418,.650,31,20,351,547,2155,Saint Joseph's,150,371,1132,.355,11
260,423,95,.342,.404,.663,33,21,279,639,2026,Saint Louis,164,441,1093,.364,12
261,563,110,.394,.496,.745,34,5,324,512,2449,Saint Mary's (CA) NCAA,143,365,1205,.853,29
262,440,106,.381,.436,.701,36,13,297,571,2376,Saint Peter's,251,398,1182,.639,23
263,507,93,.316,.437,.686,34,13,401,758,2526,Sam Houston State,239,466,1283,.618,21
264,581,88,.395,.469,.743,36,16,345,678,2834,Samford,222,493,1300,.556,20
265,360,164,.317,.416,.698,33,14,350,572,2260,San Diego State,227,387,1199,.576,19
266,376,54,.348,.407,.721,31,18,254,600,2025,San Diego,121,379,1028,.419,13
267,428,92,.350,.449,.636,33,13,314,639,2362,San Francisco,220,415,1187,.606,20
268,417,124,.348,.441,.701,30,16,267,589,2195,San Jose State,190,377,1015,.467,14
269,464,65,.382,.436,.732,33,16,203,617,2204,Santa Clara,170,341,980,.515,17
270,501,94,.332,.410,.648,29,16,358,571,2485,Savannah State,226,431,1169,.448,13
271,476,62,.344,.433,.707,30,17,223,568,2091,Seattle,199,436,1011,.433,13
272,405,82,.338,.447,.643,33,12,439,613,2417,Seton Hall NCAA,228,449,1311,.636,21
273,460,140,.327,.452,.711,34,17,430,664,2549,Siena,199,476,1284,.500,17
274,408,119,.318,.427,.655,32,18,333,653,2286,South Alabama,240,419,1108,.438,14
275,380,64,.320,.431,.691,31,20,320,594,2167,South Carolina State,154,383,991,.355,11
276,508,104,.346,.458,.657,33,16,396,545,2575,South Carolina Upstate,179,421,1279,.515,17
277,468,142,.338,.421,.699,37,11,464,751,2707,South Carolina NCAA,288,480,1346,.703,26
278,459,83,.360,.455,.771,35,17,316,584,2683,South Dakota State NCAA,180,453,1229,.514,18
279,415,115,.341,.444,.705,34,12,355,657,2639,South Dakota,231,402,1268,.647,22
280,365,115,.346,.425,.657,30,23,328,579,1945,South Florida,183,489,1053,.233,7
281,454,63,.367,.449,.742,33,18,289,644,2460,Southeast Missouri State,248,410,1024,.455,15
282,455,106,.363,.450,.683,32,16,384,619,2268,Southeastern Louisiana,218,512,1154,.500,16
283,550,190,.362,.456,.741,36,10,387,571,2816,Southern California NCAA,252,398,1286,.722,26
284,305,85,.292,.407,.677,30,24,353,657,2044,SIU Edwardsville,142,436,1073,.200,6
285,375,128,.316,.433,.696,33,16,348,594,2260,Southern Illinois,225,398,1114,.515,17
286,566,117,.406,.473,.697,35,5,416,506,2599,Southern Methodist NCAA,200,377,1335,.857,30
287,376,64,.305,.399,.707,31,22,258,527,1952,Southern Mississippi,145,405,1058,.290,9
288,381,107,.357,.407,.741,33,27,383,803,2559,Southern Utah,185,452,1218,.182,6
289,384,121,.320,.437,.696,33,18,405,635,2360,Southern,184,453,1247,.455,15
290,423,138,.348,.443,.769,32,12,369,668,2459,St. Bonaventure,230,401,1153,.625,20
291,287,89,.279,.347,.649,31,27,390,672,1921,St. Francis (NY),208,379,1078,.129,4
292,446,197,.364,.433,.726,33,19,337,688,2534,St. John's (NY),224,433,1137,.424,14
293,421,79,.320,.440,.682,31,17,316,604,2162,Stanford,211,399,1067,.452,14
294,409,100,.319,.446,.721,33,15,378,716,2289,Stephen F. Austin,223,578,1147,.545,18
295,436,71,.339,.441,.659,32,21,274,608,2471,Stetson,155,362,1128,.344,11
296,391,102,.327,.404,.721,32,14,358,622,2215,Stony Brook,174,325,1108,.563,18
297,532,159,.379,.458,.739,34,15,363,542,2594,Syracuse,275,418,1183,.559,19
298,464,128,.356,.422,.723,32,16,320,584,2269,Temple,208,365,1096,.500,16
299,555,123,.353,.468,.688,35,13,453,606,2693,Tennessee-Martin,228,528,1312,.629,22
300,339,102,.339,.443,.692,30,13,366,633,2134,Tennessee State,201,452,1117,.567,17
301,435,115,.325,.422,.708,32,20,356,675,2317,Tennessee Tech,213,434,1144,.375,12
302,441,146,.326,.422,.729,32,16,388,670,2383,Tennessee,175,399,1206,.500,16
303,486,142,.332,.470,.722,36,12,368,703,2715,Texas A&M-Corpus Christi,337,485,1227,.667,24
304,489,173,.329,.458,.649,31,15,401,511,2176,Texas A&M,186,439,1193,.516,16
305,566,81,.337,.461,.681,36,9,430,691,2818,Texas-Arlington,266,472,1384,.750,27
306,661,175,.354,.466,.686,39,15,453,676,2914,Texas Christian,256,504,1404,.615,24
307,463,99,.348,.469,.662,32,17,235,618,2217,Texas-El Paso,172,427,1101,.469,15
308,484,82,.336,.424,.717,32,22,382,780,2505,Texas-Rio Grande Valley,246,507,1180,.313,10
309,357,62,.283,.393,.666,33,19,425,642,2178,Texas-San Antonio,183,418,1293,.424,14
310,409,111,.296,.430,.735,35,12,401,607,2593,Texas Southern NCAA,250,407,1228,.657,23
311,526,160,.330,.447,.661,36,14,345,642,2407,Texas State,237,423,1211,.611,22
312,427,98,.367,.470,.733,32,14,299,562,2346,Texas Tech,169,354,1050,.563,18
313,376,149,.292,.439,.650,33,22,323,588,2215,Texas,190,443,1133,.333,11
314,551,92,.362,.480,.695,34,17,339,574,2675,Toledo,135,447,1274,.500,17
315,348,118,.311,.447,.682,33,13,445,686,2447,Towson,226,426,1305,.606,20
316,484,129,.359,.456,.725,37,15,409,654,2889,Troy NCAA,221,462,1362,.595,22
317,398,119,.324,.405,.717,31,25,349,646,2179,Tulane,192,420,1062,.194,6
318,362,80,.343,.419,.729,32,17,311,579,2158,Tulsa,145,473,1112,.469,15
319,771,191,.406,.522,.738,36,5,343,583,3233,UCLA NCAA,212,404,1386,.861,31
320,492,92,.379,.465,.699,32,17,256,605,2337,Utah State,159,391,1144,.469,15
321,530,123,.320,.437,.708,34,17,306,667,2615,Utah Valley,216,522,1350,.500,17
322,476,113,.353,.504,.682,32,12,321,539,2511,Utah,195,431,1217,.625,20
323,422,96,.324,.444,.775,33,9,351,621,2465,Valparaiso,211,425,1251,.727,24
324,450,133,.376,.430,.777,35,16,286,581,2489,Vanderbilt NCAA,147,430,1208,.543,19
325,476,151,.369,.494,.700,35,6,326,555,2571,Vermont NCAA,199,392,1192,.829,29
326,505,109,.369,.495,.790,36,4,316,515,2779,Villanova NCAA,259,402,1208,.889,32
327,525,138,.331,.461,.705,35,9,386,728,2616,Virginia Commonwealth NCAA,263,435,1275,.743,26
328,356,114,.316,.412,.690,30,24,306,594,2057,VMI,188,395,992,.200,6
329,497,91,.403,.489,.737,33,11,240,543,2610,Virginia Tech NCAA,131,398,1068,.667,22
330,473,138,.385,.460,.709,34,11,297,556,2246,Virginia NCAA,190,324,1119,.676,23
331,326,108,.332,.428,.691,30,14,434,616,2047,Wagner,146,422,1184,.533,16
332,512,121,.385,.472,.779,33,14,349,668,2733,Wake Forest NCAA,183,389,1199,.576,19
333,453,85,.364,.461,.756,31,18,199,502,2179,Washington State,130,389,993,.419,13
334,408,171,.354,.448,.654,31,22,401,628,2368,Washington,187,425,1161,.290,9
335,443,117,.417,.487,.741,34,14,221,596,2714,Weber State,176,380,1103,.588,20
336,607,176,.362,.454,.685,37,9,534,756,3014,West Virginia NCAA,371,455,1387,.757,28
337,363,75,.307,.390,.653,32,23,397,661,1965,Western Carolina,198,516,1158,.281,9
338,375,124,.388,.435,.707,28,20,184,546,2012,Western Illinois,130,358,968,.286,8
339,397,105,.353,.440,.671,32,17,302,475,2209,Western Kentucky,143,388,1119,.469,15
340,414,91,.371,.451,.704,32,16,370,600,2417,Western Michigan,183,399,1155,.500,16
341,586,140,.403,.469,.733,36,5,433,676,2916,Wichita State NCAA,235,406,1472,.861,31
342,543,152,.382,.491,.692,31,14,271,566,2534,William & Mary,167,388,1123,.548,17
343,423,169,.373,.455,.717,33,7,316,605,2615,Winthrop NCAA,216,430,1224,.788,26
344,504,130,.359,.455,.644,37,10,460,602,2678,Wisconsin NCAA,250,411,1377,.730,27
345,552,71,.403,.467,.779,33,17,323,614,2593,Wofford,185,405,1105,.485,16
346,472,75,.381,.449,.764,32,12,326,594,2465,Wright State,181,474,1136,.625,20
347,561,172,.350,.435,.730,38,15,322,783,2961,Wyoming,195,502,1446,.605,23
348,559,100,.344,.457,.689,38,14,451,708,2836,Xavier NCAA,228,478,1417,.632,24
349,452,123,.357,.468,.732,29,11,301,454,2151,Yale,162,377,1056,.621,18
350,513,107,.333,.440,.672,34,21,355,566,2616,Youngstown State,187,406,1246,.382,13
